latency_ms,error_rate_pct,cpu_pct,memory_pct,db_connections,label,cost_usd_hour
800.0,0.13239637376246793,21.725325668985413,38.215722486164665,70.0,0,
800.0,0.11330409381135516,27.663449102597944,43.920763486687285,70.0,0,
800.0,0.2275683923800286,28.322699046690182,41.12469266257392,70.0,0,
800.0,0.23034240274921305,14.891181753277134,37.20977117361477,70.0,0,
800.0,0.30298648892840524,20.43822279172065,36.536240464670854,70.0,0,
800.0,0.28799837202736667,28.790605479336303,33.41001480381024,70.0,0,
800.0,0.18942170747750625,24.540395525995326,41.16293271146729,70.0,0,
800.0,0.10046352969113045,22.976315157398865,38.58164981099457,70.0,0,
800.0,0.17447147223912818,20.911576532826714,30.511217887745943,70.0,0,
800.0,0.21737849558484199,20.080995371461274,37.8571405089224,70.0,0,
800.0,0.1838333403688477,23.44109531545162,36.395863882980194,70.0,0,
800.0,0.15376847135378754,20.738129375077584,46.30271036868264,70.0,0,
800.0,0.22023078519759193,21.78710689477778,33.18888555242676,70.0,0,
800.0,0.15968338068715118,22.392993530575186,34.23459680106379,70.0,0,
800.0,0.1497547133019701,18.609642357532504,44.4398785724228,70.0,0,
800.0,0.22491622674427517,24.66064686940719,45.42705262985585,70.0,0,
800.0,0.16784059358966363,36.571223242077096,37.020068245097434,70.0,0,
800.0,0.21952835111826818,13.115066803369624,37.47165670876436,70.0,0,
800.0,0.22185632182816983,23.6200626209499,42.46494158621325,70.0,0,
800.0,0.10884567991267403,18.19904955690547,30.69160081221876,70.0,0,
800.0,0.16150071009076705,24.88701288759625,32.555225261977775,70.0,0,
800.0,0.315022155193317,22.232787366639304,38.87706639659715,70.0,0,
800.0,0.10703363898125703,25.809273870212316,46.1995622645165,70.0,0,
800.0,0.03066764408235753,27.877532882543896,38.25707964733304,70.0,0,
800.0,0.05105238774059909,22.962105588840906,40.40374716694062,70.0,0,
800.0,0.20232879572613355,27.66026144207089,44.53515709025605,70.0,0,
800.0,0.20247338224261593,10.278510531056613,48.42753893311259,70.0,0,
800.0,0.19059113156599033,29.952261489580117,37.692606107406746,70.0,0,
800.0,0.29713518631428015,23.8753107594617,39.932653105066294,70.0,0,
800.0,0.0,27.38921677872591,47.28822088537137,70.0,0,
800.0,0.2316747099544659,15.900621275792393,33.91120289923428,70.0,0,
169.8396245903846,20.0,17.84615059197332,44.11032428221529,24.529612049360946,0,
167.19393177321157,20.0,22.72969147072387,35.926737870554966,16.774134859335877,0,
159.65568179380307,20.0,21.914810553312684,40.40988946841263,22.60928356149487,0,
195.3994855643874,20.0,23.415342940049946,39.029523810398906,18.545807715353018,0,
208.22430731802228,20.0,27.42257580464983,36.16795359719508,21.637381279549857,0,
177.15131355862812,20.0,13.173898423485754,36.0675922893669,23.291982521608602,0,
158.9960880759368,20.0,26.869095358586545,41.10565745701502,22.223845300955066,0,
159.38796960771901,20.0,22.041409549789634,43.98215731265073,22.727478806641628,0,
196.26481969561752,20.0,20.98109069437726,39.481055187245985,16.54521939977613,0,
198.58135428008606,20.0,14.64442382807555,40.280452634932864,23.340979120223896,0,
193.57885670762988,20.0,24.515243341884325,42.284696265164186,17.44192065609554,0,
163.36225731778265,20.0,9.929460744844814,36.11352490794816,20.778625296714615,0,
185.804033076668,20.0,25.241970056193562,42.95877003365169,20.77473856099168,0,
182.9171452285182,20.0,14.53947082263504,43.27737238823899,21.45536767660874,0,
185.46721491822532,20.0,22.26728956308737,50.41450519500164,21.010870028180573,0,
201.78571944870475,20.0,21.404155813360397,38.49558323776167,17.46857006442583,0,
185.58988871936705,20.0,27.847690736469417,38.16767279332749,15.950397763112852,0,
196.97283907679736,20.0,21.10672415493055,43.075863486294985,22.617046039885306,0,
181.6894767372223,20.0,18.529307194271674,43.276416675648555,20.557503732556746,0,
187.2279849672496,20.0,19.466986520143983,37.859651386493155,23.448130522873452,0,
195.7822056459635,20.0,28.364413843773317,38.38734929227981,19.865801197436397,0,
143.57110450360835,20.0,24.681484845904468,42.16452335287216,15.784506917969118,0,
172.00821959106747,20.0,20.071850092384192,36.68966303706135,22.89838904301232,0,
168.24068364268012,20.0,20.817767900177433,38.35786404793994,18.888888171016678,0,
164.02805379391646,20.0,14.164114547072765,40.35837106947374,21.026010372263062,0,
173.12144371933292,20.0,23.942371004257705,43.98375473928903,18.057621714561442,0,
217.3735327808599,20.0,13.200921461522672,37.58160553528184,24.932905130701073,0,
158.35422210766893,20.0,25.75898232917728,32.63046215187731,17.37030552745041,0,
204.20695886478703,20.0,22.64310796245633,32.33361012992716,18.987710737681475,0,
137.92825570960488,20.0,33.93475899786961,34.96234773317546,20.32234610809195,0,
171.62787425035563,0.08461606915524711,16.49932223137847,90.0,16.723453018739125,0,
184.06882662762513,0.19532710049130542,21.486689544796835,90.0,20.991558585762785,0,
194.65555828398195,0.20671848026515635,30.991438504615314,90.0,24.83573143240247,0,
197.78066449482137,0.14451950683421755,27.956948201457074,90.0,18.52861351791887,0,
199.83368087999813,0.26648254861343795,18.5189397421005,90.0,21.185428457095178,0,
171.28187319378907,0.09262598669032746,23.11983714186724,90.0,11.751693841884334,0,
168.44120518338582,0.16744450009819528,22.009996782075437,90.0,19.883212398545478,0,
201.44939703142884,0.15321006920535996,23.409779336970786,90.0,19.060873142221382,0,
175.21739187795964,0.19627301837285285,18.50659782007585,90.0,17.544507192768844,0,
148.10784191655196,0.2223091427717791,21.55339798649633,90.0,23.244351408885596,0,
151.66781964991299,0.11936856403011643,14.009738123616431,90.0,19.021268955128516,0,
157.0136928499597,0.2579426141964983,22.67561725934041,90.0,19.467567538719237,0,
192.4290186013441,0.205040189466776,24.250103367109162,90.0,18.868421375632785,0,
183.56064340176414,0.048644299735047164,20.86290293678058,90.0,14.24955238470477,0,
197.26213385169422,0.04331268476823752,13.92474554707606,90.0,16.604040679769117,0,
169.31868384158665,0.1990144565656551,26.942659314257313,90.0,22.883280458360648,0,
183.96349227691786,0.18232261457709167,23.82262518996401,90.0,13.670148059360084,0,
195.6397598491834,0.19172639091402932,18.369924511495114,90.0,17.701053951152883,0,
172.26633650699404,0.19776140347758256,20.59699776580968,90.0,18.80083983113071,0,
191.4193809389353,0.21804478716081446,14.496652986090806,90.0,25.230865601874697,0,
163.4518514733337,0.27581196878786396,16.87294936111048,90.0,22.305811296489107,0,
170.9236538358732,0.11111160792659536,19.310943268214302,90.0,18.328488418840703,0,
170.45655265004177,0.10624227256793643,28.142104061400758,90.0,23.91354109134665,0,
150.104008860274,0.11253409136900941,18.80248304556262,90.0,17.77845253849664,0,
192.17431201963956,0.22311333337349656,25.201068296643793,90.0,23.027299411202016,0,
168.26494149493192,0.2995957902917157,19.3084189856921,90.0,15.923368262230953,0,
180.3123529681922,0.16549284494083916,23.239737804259374,90.0,23.21977349536747,0,
192.01866647264774,0.0,21.29302248928099,90.0,18.781599063587045,0,
191.1632794007486,0.06368057099116997,26.365283000463716,90.0,16.914487277176192,0,
196.63462772431967,0.1333570621763191,19.32594330890721,90.0,19.348569160771056,0,
1200.0,15.0,14.137358749987795,37.19293221493287,20.832032539160643,0,
1200.0,15.0,15.090254843181837,43.06382181090493,18.515754708422865,0,
1200.0,15.0,19.34061253028621,36.95203390469204,21.66186051798597,0,
1200.0,15.0,15.754700146609736,44.36263974435253,18.251018349007797,0,
1200.0,15.0,24.051060078397757,48.842563509572955,21.861117181794075,0,
1200.0,15.0,19.67115917570961,39.51166444811443,21.326666186109797,0,
1200.0,15.0,33.873032750132154,31.229826036770366,19.817230835876195,0,
1200.0,15.0,13.31142702431434,37.80770826702071,18.67585306290215,0,
1200.0,15.0,23.018165893549007,44.927500537157215,20.4546223872958,0,
1200.0,15.0,16.360234882471655,42.212307148100976,21.650761229101096,0,
1200.0,15.0,19.53299329808661,40.99565439470012,26.185397458194824,0,
1200.0,15.0,22.707097366702722,44.034673423819356,22.818261265394543,0,
1200.0,15.0,10.373143125628566,41.93781375699369,22.927969849447525,0,
1200.0,15.0,23.18413058394014,44.87090074980455,29.26553658458085,0,
1200.0,15.0,31.514537311370837,43.67769470658794,21.54787543030353,0,
1200.0,15.0,19.732808508157035,46.08680181094783,21.453930533935107,0,
1200.0,15.0,23.299039284027547,41.43518433562502,22.112045222964962,0,
1200.0,15.0,27.124608465627,43.62103760597582,16.97310206723524,0,
1200.0,15.0,21.180232499865017,38.77149170765686,18.668295090743733,0,
1200.0,15.0,19.095199057342583,37.594156753763976,18.481492199922997,0,
1200.0,15.0,10.62131798139124,46.827070561675896,21.942841931658684,0,
1200.0,15.0,25.204953596974867,40.86481870529075,19.477476313336403,0,
1200.0,15.0,21.434157951355512,43.21952226344952,20.414670276422907,0,
1200.0,15.0,16.936580743059192,40.494960057645564,23.262363860445394,0,
1200.0,15.0,22.632983551388467,37.653937396320146,22.589452216112416,0,
1200.0,15.0,19.081598215969095,40.043931570329605,19.51483699087626,0,
1200.0,15.0,19.357869344422372,45.743976071070854,17.990014709365333,0,
1200.0,15.0,25.031455780543542,42.2209602971177,23.405824194959564,0,
1200.0,15.0,15.308087943380777,33.15410736107816,22.3216735427296,0,
1200.0,15.0,27.236576430368793,39.13902217369538,15.181229545113853,0,
184.4818908739079,0.1306395794941259,90.0,85.0,19.060538183275156,0,
185.49991709929412,0.2095380688901914,90.0,85.0,20.496546386050287,0,
213.97968938101093,0.15428406246426102,90.0,85.0,22.336489151363093,0,
200.87778114786445,0.18670737264402143,90.0,85.0,22.730304484819314,0,
188.92177647873774,0.350573990416324,90.0,85.0,20.851718003526422,0,
216.58257228048905,0.18642241628636974,90.0,85.0,21.75574259407657,0,
150.28092364192872,0.23310338537521713,90.0,85.0,20.19241040713446,0,
164.0062116812563,0.18141845360606118,90.0,85.0,17.978444935458317,0,
156.83560146486187,0.2060570630365467,90.0,85.0,19.21620682687624,0,
170.2547549211058,0.20048133443488572,90.0,85.0,20.056973559920326,0,
145.58284631109228,0.23586592527785277,90.0,85.0,19.89596224994423,0,
195.87877367036012,0.29322460284377416,90.0,85.0,14.343281286669589,0,
174.44443257253067,0.3317915198082664,90.0,85.0,18.807549995211705,0,
143.22984263743356,0.22476960655273337,90.0,85.0,20.168616959267457,0,
154.61052296981146,0.2471637508828482,90.0,85.0,19.155890024282897,0,
187.8378461862549,0.10793083926515465,90.0,85.0,19.259528613465243,0,
200.9531641973595,0.19296986060675037,90.0,85.0,21.463974112413762,0,
229.91827229229466,0.27522315719068713,90.0,85.0,16.7631284388541,0,
252.84656165018322,0.2692774910733723,90.0,85.0,15.115873358146366,0,
190.3602358318999,0.21692877862360402,90.0,85.0,18.955490627489976,0,
155.2615469992034,0.27091151676543623,90.0,85.0,22.29234321650537,0,
126.69884298171726,0.23926133671950553,90.0,85.0,25.062659118459916,0,
186.69278655859588,0.29602450066074576,90.0,85.0,22.34638471728422,0,
159.67647261724184,0.2231487325565689,90.0,85.0,15.595208720393458,0,
169.61606849550788,0.17154413475431723,90.0,85.0,19.302898281869687,0,
164.6975800235048,0.2268673005546419,90.0,85.0,20.769903143244587,0,
176.48022783959036,0.0,90.0,85.0,20.532773350770775,0,
206.64950576969107,0.23063085891080398,90.0,85.0,21.617913658828623,0,
183.92621418613362,0.0,90.0,85.0,17.248853160617717,0,
176.0341290740328,0.06212292740756656,90.0,85.0,20.194829262652227,0,
154.1086561793547,0.23614148807527874,95.0,39.567066646708106,21.260968489328388,0,0.3
138.13292638239108,0.23820234698134363,95.0,38.26549005938325,22.477012859910978,0,0.3
167.84230227316672,0.10700569758880557,95.0,31.659886813280487,17.582845500161625,0,0.3
178.65543622954198,0.1430318366496849,95.0,41.55615036173505,18.964529398271306,0,0.3
224.19824783949707,0.3096432790891306,95.0,38.47984775123122,11.88854695977998,0,0.3
183.25686303682215,0.1612775894741859,95.0,31.603174629755024,18.13561409726668,0,0.3
204.56848777557644,0.3794336249922388,95.0,43.35827236309701,18.426755321086873,0,0.3
167.5176100365212,0.19984641174589232,95.0,45.74002471195574,16.94124647549767,0,0.3
150.37640583957437,0.23264289415050135,95.0,45.960497369186285,20.496836450697955,0,0.3
155.8720809441907,0.3293499518798886,95.0,41.43582576260589,19.832163703864197,0,0.3
161.86934838660616,0.2104821692954736,95.0,40.184232554308466,13.222358367267166,0,0.3
233.21174331087911,0.11981248154473591,95.0,45.31262648358319,20.64652390790527,0,0.3
159.46533301939036,0.1912218038644568,95.0,46.72953434136039,17.21502760763292,0,0.3
200.96223009340864,0.19715114110479273,95.0,44.5342748115025,21.457066877571545,0,0.3
157.42682054782435,0.09082066782387478,95.0,36.2338495910808,16.154446256814005,0,0.3
203.2893253218561,0.17953343429273413,95.0,40.805379412859686,20.09001961559282,0,0.3
189.62377415264658,0.14062463248020507,95.0,41.75806457716571,19.150510013340483,0,0.3
176.08405255854774,0.27394862057499475,95.0,32.76153212433108,20.90930565485099,0,0.3
178.98093684661416,0.20276894993482045,95.0,41.877442638483096,20.37409183295404,0,0.3
163.63030761426523,0.17737634006819442,95.0,49.091967303917556,19.234507474935636,0,0.3
191.15180503705201,0.19150544555019391,95.0,42.55974466320316,15.391183057867266,0,0.3
168.6254129914805,0.2178497614724933,95.0,45.89365232576702,15.568376109616906,0,0.3
149.3598559058188,0.2493451359751824,95.0,40.73165892051482,18.248339182723342,0,0.3
148.05156064200952,0.1200230217064495,95.0,39.70712670406471,19.97516034821124,0,0.3
184.31469794305298,0.11667298939029826,95.0,41.5250855603239,18.17525615840265,0,0.3
219.47728141026087,0.2883743372322024,95.0,36.73669340806227,21.875635791738397,0,0.3
183.99979033933596,0.16701305022362156,95.0,36.14489925106245,19.16233724236495,0,0.3
177.03404184725292,0.08665263259225008,95.0,45.065218228677466,17.10496182566147,0,0.3
187.14565349006358,0.2355050167506484,95.0,45.489369371466076,19.16571112103627,0,0.3
212.65004354267063,0.23706958448261495,95.0,36.0355747376506,20.677579508949655,0,0.3
185.4845625340964,0.0775427794194635,22.477195192438682,43.87199521821546,20.974654156473754,0,
169.72681922915658,0.2183585372370885,9.818121683763389,39.652160097575916,25.63513739597939,0,
207.65721775149723,0.2588466473942699,17.082920106704847,41.35923429796172,17.993271979989743,0,
190.71891096154033,0.22995091613650107,25.43880565799936,41.84087455774026,19.7795640152288,0,
218.3938997998998,0.2505585187009116,28.06441845861578,43.977401872497275,21.27837184045828,0,
184.58086093054766,0.08765847215274009,27.545849057460657,40.33087280745276,19.929731122397556,0,
149.3882742069875,0.22648321239969565,14.039934988792723,45.64064798120774,18.49814556203404,0,
145.79602001885837,0.17579041924236427,23.50776153406452,41.2376513590397,15.352228470967269,0,
221.27319830578125,0.16137678730202842,27.077576082414648,42.49673708987813,18.467496322840955,0,
223.09164301958242,0.2696444487535781,13.708322172088774,36.66694963385101,16.7788927618466,0,
175.512019667935,0.3183419608539384,21.960477423133817,48.63463604281934,14.820179956628664,0,
170.4203169716003,0.3435496043680287,23.36921199154228,41.87929969281986,17.61296347498824,0,
216.53610730605504,0.30518462972047244,20.496177075766326,42.8519897013804,16.858724837700635,0,
152.3238579489128,0.19122126546958532,12.739190722993992,33.567256755153835,21.751359635878845,0,
157.63182452610434,0.22821761304210747,20.371509449631358,36.709191907683596,21.80327551224288,0,
196.0831698672261,0.2613458297427395,20.36347284872488,44.95153475167492,17.288362131257376,0,
170.13487192851025,0.20969423594395697,21.259637977261228,41.14756447317042,19.219314108310638,0,
179.8719533319982,0.21046113503292357,19.182642872874652,32.344881060684294,14.425272013662394,0,
175.91392753688717,0.2659002505500946,19.784939233792663,44.153159715935274,18.516980149451918,0,
188.43936371997333,0.19525738831792544,21.80146858826511,37.82486878258911,21.196945702107037,0,
215.1870465328429,0.1416570450901071,24.212273024848557,45.64526794350685,22.47481366884231,0,
182.26462267254365,0.16684215473313133,20.477866185716664,39.6486572855852,17.86085875492606,0,
196.09846983192145,0.2507128302186994,19.95175535815999,40.818826744082116,23.15556458158256,0,
128.74569747422444,0.20023946329599646,22.46177019127229,44.715818314366594,15.452924235459585,0,
178.78203995174704,0.22721679814946705,12.395420370524093,36.41002811658135,16.257116602568622,0,
158.91924324267822,0.2536063393761752,24.38517563613229,36.02861276866424,22.12898559691363,0,
149.5296734894093,0.17001268296819125,21.997184514385207,39.21400631840757,25.01336368568974,0,
158.04619082678124,0.2604998530903845,22.19846763298781,43.30869119848489,21.480295964551086,0,
171.6469139824797,0.23030740827667157,26.80367153797232,34.67649098954604,19.878972840397964,0,
202.89756355890032,0.10121495304708172,12.23592234975876,33.32786160044361,13.414448760433373,0,
146.8401820565109,0.31538438329489954,12.130830650705182,43.29488370817517,13.932658831869562,0,
180.76578731486043,0.15994042049944673,23.3690192266176,37.588086749731985,20.388228610687605,0,
167.89576416666054,0.0675923725451853,21.964415724357423,38.43109594831887,18.925811991286476,0,
171.80817264095097,0.11639650323309582,22.850884715959662,32.572758392239336,16.682494453543647,0,
205.0689456326151,0.11831638714573425,19.689364624137774,37.28408274259207,20.19659774249015,0,
193.45288592509814,0.2041738654926027,25.321768371199656,39.969730813475394,20.34539410252343,0,
213.43495268606858,0.17809195955630103,26.6631942149556,43.72151143049157,22.83324760562082,0,
176.13735801875248,0.17305344258875258,24.419911469757636,36.91507933506144,20.4098068490381,0,
162.60143470823243,0.24957615723859833,20.695857707977083,46.62950448092999,23.685183105003155,0,
174.4035295779875,0.2271900288954163,11.461553061927985,37.2617759032808,20.02398208864644,0,
186.06241978178053,0.22528382965154292,25.84618104018564,37.2676327936593,19.65399501557799,0,
184.41433396134278,0.23278627658629542,28.108643331087965,46.14943020759121,23.192936558741547,0,
152.89029819416584,0.24929077344017908,25.2227920599199,40.84584060945567,17.064677359875695,0,
182.26224454069686,0.031363732657804566,17.601787863162468,37.7919010839537,28.443342359798486,0,
185.70570825347264,0.1708449398188431,25.36897196833879,39.37946747527763,21.125772434500206,0,
242.93685093834802,0.025583194840842094,26.302648539807226,45.412294310168235,21.14248775851302,0,
226.92111528204174,0.20288479414382365,29.794081238995428,45.86481127850273,21.57528792191779,0,
158.6689162360295,0.19962936222205238,17.61945037886021,36.732827282918976,25.631409425994928,0,
172.8154159612706,0.28364258198317444,20.86772707727931,39.830264759683566,22.37752223501782,0,
143.41394995407492,0.2950107514176897,25.736360255717276,40.360627310670296,15.184832062988228,0,
165.23232465091283,0.2162220038601894,22.28705035719079,36.05503955793361,24.210411154302513,0,
187.8901250897585,0.15997111380824802,16.413361989743628,39.77725978940002,18.977310261664947,0,
210.14634052220583,0.23881288900365905,24.073081425133516,40.0212914418068,20.32146521851797,0,
161.7729040564098,0.15776658901405494,24.893308169075834,44.560837915746944,16.1622380834742,0,
163.64633899830508,0.1998885878845321,22.43981448165501,44.829700113244805,21.578606054371686,0,
126.31777425653362,0.27889090535686145,23.09792463589972,38.683162406563966,18.045877129797343,0,
175.93335198637732,0.15537829232084613,20.70647049157135,39.144187424556755,20.300508913980423,0,
153.43963970351092,0.2644542911394001,29.391394678580298,42.65716920822254,19.14770298391765,0,
166.76401431584816,0.2541921094953842,17.496539081436616,37.659246204291954,25.775038405207557,0,
158.0784805458103,0.12361665462953429,19.063396186181105,42.35456060694961,25.94678090043677,0,
177.64343614368607,0.27791153025739207,22.054927567637627,39.64837405052314,20.139539510644223,0,
136.0567902160842,0.2558853076297204,26.394770138504462,36.122405689045515,20.191933134106563,0,
143.32386886522522,0.20815407098981262,14.513134149527316,36.172653148481416,18.879671100951455,0,
233.23117780070746,0.13901412335778784,15.448516251172805,45.788234784124406,23.318018874508358,0,
147.8144354681492,0.1312635185139544,11.811357461326411,39.3743140834268,19.01324038899987,0,
152.580360538634,0.15698699384775822,22.163476126266353,46.56141637559325,18.735988176062904,0,
225.92283820803286,0.24340755706335682,16.40847091396728,37.945454957140356,22.935778590994893,0,
252.62667923101017,0.12354998660788817,20.077249449910415,41.164820804525974,18.385102714050053,0,
150.71083427936645,0.23500097988958962,25.30689094945854,49.57070689207296,19.88673489665441,0,
170.79377608029924,0.1006595576897286,18.792286396085768,35.77045302134688,15.256067655467021,0,
188.53888877351272,0.1836745132448921,23.156410113716824,32.40874200040089,22.112571035369502,0,
223.21744111013982,0.2087718203659207,20.50331046124139,45.146360525148935,25.822600817545606,0,
155.32857303929407,0.39561041160471333,25.360571575482183,36.69276357842771,22.163676118399376,0,
173.86805385144726,0.08981474755837061,24.375640336740044,39.917174543575065,24.385397502641915,0,
199.4334394015436,0.31776116531921067,18.54033151912695,37.65632715819366,17.461693591468006,0,
190.86915186166547,0.2119873931189824,21.15674123299774,41.07265112382127,20.708972846084603,0,
170.59609821924752,0.23289375344127705,27.218716988602473,36.19785517125703,17.17052022689183,0,
176.65442588709897,0.20946783307105638,23.966884351270487,39.280239648466775,19.31670336325597,0,
145.62760479075047,0.23557814545561867,15.015189711244343,41.799261306226136,22.316634432057516,0,
174.04565640063336,0.1877051916510386,25.278090305856914,35.96676445490295,20.305461839309896,0,
173.34031274977613,0.31632401451659664,16.57694688781881,37.19966388141644,15.762076932196335,0,
185.8042472406564,0.16348230846202222,29.06256534980503,38.61046866560587,16.05491268338674,0,
166.1168195295246,0.29057876577433983,27.120494199205126,34.28473826309489,15.856508205527678,0,
191.78846306362848,0.1484506303829582,23.449427379592002,38.309756068805015,21.47435776981877,0,
205.3178954454957,0.19517985228789705,22.786164217180968,40.47518615961161,26.191683606970003,0,
183.88573319171167,0.11424299581678247,20.9548387198629,38.40180423364629,24.08737473200064,0,
188.79391020998008,0.23640189762780162,25.39261975700014,38.914494028273104,14.312044402561806,0,
181.32888368944668,0.3156100765541227,20.146109152689693,39.920393316373655,24.26322781420935,0,
180.00210982728535,0.1938115056143317,23.17784935319947,37.377026150270744,22.80920125104394,0,
161.9610491614288,0.18424914410368726,26.359671832597257,42.76425026346751,15.364100163413728,0,
187.9123565418327,0.11083064295456586,19.19096728237205,45.743912499207106,19.090395149868506,0,
177.56783503966275,0.18165658771581536,18.91903630004653,38.14247843121821,23.28656723448743,0,
232.32920772326486,0.07257645922227779,16.028172596377704,41.94079292591083,21.651300532804356,0,
219.33387256188107,0.12696976106249383,16.67763626936914,39.04153137826141,16.072714842836042,0,
189.64616381391252,0.21814288368873086,12.858023442792488,41.46194938015402,21.832226467388583,0,
160.92356975763082,0.3055210558193117,25.649143945077647,46.26311812481302,13.587498211758238,0,
152.18971320041456,0.42473686889836026,31.044572710413853,42.0346381720724,19.331533472728367,0,
209.77857382722163,0.15307319319432794,29.126644717351528,32.90634184476128,23.413870308200146,0,
186.56873062867845,0.3148240125316352,13.869577556867418,41.81598252578784,20.05518264671396,0,
192.00358508479027,0.21950019843213184,25.624273357781,44.931454973236036,18.503187350114164,0,
136.3853503256452,0.18790018826028995,29.11053174961778,39.11361532000759,22.66803876131705,0,
203.18596203895453,0.2346075561380922,19.71595009630668,43.98253922447133,22.924255445259746,0,
191.36050845535908,0.20495331869439676,22.507237153250248,37.23953783539221,23.93011907860085,0,
152.23923288963806,0.2088316580489775,11.960534745976648,34.057843361910905,22.623027285339163,0,
168.21187981375127,0.16733334697386648,23.333680839883208,40.56467607533056,23.24412438181144,0,
186.59293010891298,0.08815122721609195,16.68220135282641,32.974093117014746,22.198725672312605,0,
181.3116699589061,0.07650998379823348,22.998175089557574,39.040915948425635,20.796585947349417,0,
172.69572035491112,0.25225959066249815,14.193985389055598,45.147369050582014,20.268526999291442,0,
177.41279329835098,0.17786399279314294,24.71429112238798,32.36094837701488,19.288220842707794,0,
173.70056554482787,0.15231288802750667,27.12256337713345,34.88201281634441,16.362895120820824,0,
183.81406280256172,0.2006804501378523,18.08410069142416,35.87187101935369,17.134065473540574,0,
216.78729932482892,0.2635945802332502,16.315387092947827,39.74672056115616,19.15395655419437,0,
115.83353897671756,0.21442911544211188,11.219884787250095,38.537132857415166,20.724356478807287,0,
174.0787433872579,0.14751560506872263,20.667932329624115,45.59654552678435,24.32243779401279,0,
184.41281053431118,0.298103436451916,19.092030328591974,43.81739331636679,19.87460831637346,0,
187.39984974217748,0.32633484023853054,14.244902938259727,41.98109178427439,23.010428872632993,0,
170.70213546696775,0.23956453242582829,24.265093781560857,40.58252125737554,23.237946969296363,0,
136.08195543803544,0.27789308090752723,19.750148090676753,41.572919107939306,19.305659606933627,0,
188.19988709285275,0.2993567997451049,16.621320206773838,36.5520705787465,21.784070634110552,0,
223.18375535410462,0.29040794531236114,19.227137971797767,43.42884141422645,19.269415874825416,0,
141.65346487709655,0.2491279341690099,27.356522694648078,35.551822982563195,23.96640768223543,0,
201.5957003424547,0.24786776376599062,25.01468471877611,43.34150797560892,21.907530014797796,0,
171.78686942192766,0.2415728458677202,21.34986969250755,44.74457000847532,16.428548735934935,0,
178.46689135427883,0.11221298603623653,25.095525092324262,40.84345840835235,20.48457395646154,0,
153.67753723240128,0.2560578525487669,16.195440218066306,39.2951477641521,24.944336485471638,0,
171.6385956911031,0.09153488230987569,22.161850503635154,41.60123963323869,19.456306896359898,0,
212.50111486747397,0.1364320435899956,22.73661165243235,28.553926519597308,21.343145090285205,0,
194.56638104969267,0.304285205424647,19.650817457506367,41.209032873941844,21.637636513217437,0,
223.3077901352486,0.2672176130155358,24.17729167978709,39.54658400864077,16.890131302506198,0,
209.43529722444234,0.31899186317486905,18.097832726777742,39.797487547772036,21.53212384764054,0,
190.9771669732394,0.17826604930501663,24.54910353888059,42.826130051591306,15.818494543896122,0,
223.5983631541948,0.10782009269785861,24.75929385765646,39.70092431374109,18.12312768079581,0,
190.97482896845747,0.18076502423437257,7.414200596514668,35.43917257339537,23.227168902482575,0,
200.69970441992646,0.20816250377924594,27.95152851755059,39.434389316698486,21.070268870925073,0,
172.5857261616323,0.2063190973072008,6.761837173236231,40.270221936323296,19.08656657676042,0,
181.66364539648012,0.29069443830053615,18.91975487221937,40.45973564632405,21.33938306373556,0,
162.56440441749308,0.17109836599972436,27.126740171288773,40.64767746914027,19.819723256734605,0,
204.7395983648713,0.22816275774423395,20.413566373737797,44.15747617967421,20.0377355070555,0,
150.54240942212837,0.12090982804523152,14.66907008765229,35.65586178786341,21.97045558016041,0,
199.55875856044153,0.23602538224350506,16.531314691416647,40.7028018246594,17.817896778022604,0,
175.233723562371,0.20024868401485096,27.134528731603098,45.159718794472965,20.12100921666407,0,
209.281177336683,0.1400149329372386,12.39247734725681,33.06155401225122,19.06319541618004,0,
198.7717247182815,0.18113365102601178,27.644955504810085,40.71858672312021,15.243189876199233,0,
225.51615394117005,0.1852659402787823,21.724489504788554,37.65848599210783,17.2386327312521,0,
198.26936727846612,0.1783875896530323,16.03802334778783,38.51715846210758,24.704619341191496,0,
140.69899360866899,0.3417072993814147,19.084424638486546,36.380769987142315,21.1541699437557,0,
178.32617067754498,0.19212431981536965,16.913878294491795,39.321797137198224,16.029235095795833,0,
150.6998201851296,0.180488311185813,26.331126004292642,47.36502245770762,15.37893687245477,0,
167.04300394084314,0.03220392339118869,25.66213904881419,34.942278555291146,19.663508299668248,0,
217.78071083191804,0.12846341184164184,13.404194330619767,35.321559990084694,24.683559599529445,0,
195.9383452724424,0.17895412604349178,19.98203940740333,34.79226171934598,19.439725595586943,0,
162.52673928553133,0.1451317859058686,17.684071688278614,46.909673146512404,23.92099866021205,0,
154.65706583899004,0.31053660747022377,28.46754984229685,38.15064117791485,21.05579231245597,0,
180.8195523219065,0.18680497796830253,15.249504409367894,39.897443758609306,21.413751373537682,0,
149.5859962654718,0.3030755399454602,30.02114552342507,38.38886823557504,15.99283847208629,0,
163.22149306508547,0.20493637072402945,21.83352630241531,36.22230848638763,22.812568765249274,0,
187.8002367887811,0.20297822691372613,16.190327968099563,39.05939741354226,18.995203888179176,0,
208.8828009026674,0.19289628418299992,18.61362907995361,49.832974422946236,22.589277360832725,0,
195.21903680561098,0.20030370012971674,17.991905796157745,45.56828368389702,17.55749005404166,0,
122.7177622850475,0.33750360024398873,15.62690798992247,36.58824872883091,20.531148042529736,0,
187.6091682257565,0.014431141859902546,22.47413429865188,42.590296412246744,21.056008861812895,0,
181.80083933081445,0.039876340444905706,15.860422246540782,36.67390890933449,19.537900050272402,0,
190.34725713431732,0.1565463335155109,11.098168956309056,32.89452944461512,21.21363557925847,0,
220.4052420412802,0.2011622305550055,20.101617645759134,44.078043670658516,19.200808774422473,0,
128.41904307988142,0.255208353981121,12.985719017910586,44.6403713865742,18.05282074087616,0,
165.22241437022237,0.23784697584219802,18.2391956596624,44.1842090041916,24.816450148381893,0,
194.77265806983388,0.1692603269695544,17.454485556983222,38.120539003121706,23.146858599084325,0,
140.46014001365143,0.281523495459341,17.64391963987093,39.33289706399206,17.71740576485547,0,
216.89872620133772,0.2824156322522185,32.00481550795077,42.999062214632495,21.70533291678384,0,
189.20891531751647,0.21472462650172525,22.282057835847855,41.56598414939243,17.77196343589654,0,
201.1645996460851,0.2770126057989473,23.22685504497666,38.425450114811824,16.445946069013026,0,
165.72640846195515,0.2218116210745703,13.118008518288526,33.52371271952734,23.101428324196927,0,
200.34409224915527,0.15508135785736932,18.73018433181539,40.45550077656805,14.887701123057782,0,
206.71178889972595,0.2558253471200004,23.07651314970756,44.316038556944456,22.780567740729623,0,
185.8219505034292,0.20884904980629423,16.877355435434968,35.20964684386337,19.241833062280826,0,
185.8600223174674,0.20010718774035896,26.540314217589927,42.555037526703906,19.365360190758413,0,
186.75858098204316,0.317836285775166,15.986517070494848,41.32616678053477,21.22925365886987,0,
158.41636838151547,0.003930229716793077,20.568169320674123,43.00059305292933,21.743596435982756,0,
176.3117829939912,0.08658526638723443,19.069741800122205,43.487901998876026,17.520970469513276,0,
176.18693668869102,0.1050343658900504,22.82160329690958,37.222139032298585,22.15317682625019,0,
189.58484660883738,0.17093914819449557,18.79754964072287,33.532162399340216,20.34011161407567,0,
204.99560617275736,0.17963134641871759,20.645531864645314,37.865921897268485,16.231835621395884,0,
153.53659795053977,0.07941394817815621,20.81934954111007,43.55650927010803,19.490376549260784,0,
176.87477424201055,0.12118735741513391,18.328061213043494,37.831984385896114,24.14383704667678,0,
217.03638869147431,0.13113266571811438,24.425469342485563,37.22382670456943,25.02978439473709,0,
161.4102942796859,0.39659392736607135,23.191941874187126,32.714598632301445,22.15204537282603,0,
159.443749567742,0.34413935581977173,21.556930273734164,47.01059021820376,16.42896953549489,0,
185.05765479577985,0.16706004658522805,19.84770833269021,43.30285456570124,21.471820707367666,0,
201.109629762133,0.1709133367754561,25.982720152599985,43.07958392509906,22.55258271157758,0,
180.2856513890165,0.10806368022493648,20.820828780929094,43.870901547117896,22.177123949956165,0,
213.22401476092472,0.04734956694197867,20.466513560870315,42.306833446173606,22.354862866063755,0,
201.41984956416317,0.19064958508731808,22.52345014944063,39.022684579281886,21.089789237742593,0,
201.04550167225153,0.12017184134047795,30.48293341485425,39.344943583511196,19.78276298350837,0,
193.85291253310234,0.19321195746703923,15.29821895989398,38.2897425416315,18.174897512287945,0,
238.19132750865214,0.0719835320765218,25.849284465276774,50.53896301766,14.306193444495511,0,
174.8709577783489,0.1390420433351794,12.534144193809475,42.22364812519777,21.01892530014005,0,
129.91194269833716,0.21189016762422647,23.08636579114312,38.14479823459426,20.558158530956565,0,
220.10635903792854,0.22929676782271502,29.875414138043652,41.86198709666512,21.67272752847445,0,
168.55751422607935,0.2333977566993612,24.443342622336537,35.95652432857473,15.987368920121318,0,
182.69701110857582,0.09436088126743702,22.853125392698963,46.018026874356906,21.93505006794518,0,
212.73876712151318,0.26837485841084496,19.197752655984623,37.35572361677144,26.16363528386233,0,
139.94351147352688,0.13598306427185197,22.15523600244277,42.00434173048986,20.235350392333736,0,
148.7088196473465,0.2506286331685845,20.73968592298322,44.26391051897254,19.815004042380377,0,
139.96805157202866,0.19914890587054457,18.070116960343224,41.53907417681997,20.927007068257105,0,
160.1465927493644,0.08988900007376417,20.550621922625652,40.37787996727855,26.097011074131014,0,
190.99091515042483,0.17470418363350498,22.991905803132198,40.04320833942406,16.929056714900327,0,
193.10469607031928,0.2292290993651014,18.163914657346798,39.77423561245157,20.609620800181716,0,
186.90685448321383,0.24903723043796794,17.96859089657658,37.693206044289994,17.601027733107067,0,
144.68085290269084,0.18872096820444653,15.198782812039127,38.20206628092118,18.358985837465013,0,
122.2474140841839,0.32254231124808425,23.95362513044448,45.918361494603744,19.851229076354183,0,
181.35883963475956,0.28060086167892473,24.7266163098353,39.56585346925937,24.041969724840676,0,
168.2055991590416,0.17946767068801978,23.158302221182588,36.85681492246891,25.40297180206621,0,
191.4846442929153,0.2600097449709556,26.82585246364333,37.93480961255396,21.34442643388012,0,
197.54884065553176,0.35470347881505493,22.43933818540364,44.40148272278889,18.870215830929546,0,
183.45603580146704,0.35683876806264214,23.960054686828784,42.70242653265792,27.478216599915555,0,
199.00332713439633,0.10176000953420021,23.519187128187813,42.24131671292903,18.71733655601144,0,
185.7302843528767,0.12587735110742795,21.54229990290896,38.96991520436083,18.286592256920787,0,
193.25161764003667,0.3187935029387081,19.345890859351762,42.29344988069178,14.67517086626382,0,
162.38316842825293,0.11533751593298903,33.07076307895956,37.42575550019741,24.18827470773423,0,
175.50971465421352,0.09419670933666568,19.74024510073246,38.9615438746169,22.904736777113882,0,
184.91940241642394,0.16110446954407626,18.670611444397817,43.87921794956698,27.253416608349337,0,
200.51321188543548,0.2336181367579669,24.170049117250535,43.49711071567626,15.831429943345622,0,
170.1564706943857,0.1918082634711123,23.259272076475025,36.07236061619679,24.374512422437327,0,
193.02918139330282,0.14795491036755265,14.976042261948363,36.5778941883657,20.21040655509838,0,
173.35403020211552,0.1460630030620393,27.613391272818692,40.43480861125364,22.418300650400408,0,
177.06144581679675,0.1430130348469833,21.529027123245832,46.90452949867804,15.056668576686587,0,
200.73797605060182,0.1296392297072846,16.4453445239214,32.337739342124024,24.404245467995892,0,
130.1734907236461,0.38253063018208494,27.943920571769368,41.113331758282015,22.35955025399549,0,
147.588191798131,0.2238008856948444,25.12837785798077,34.495826673707406,19.883269895641348,0,
142.94536506392947,0.2709407243523791,15.677290040260429,37.46267602589782,21.935338062983362,0,
121.65959700379238,0.1608738025504861,30.88591420128862,38.542286327743035,17.703514096873253,0,
163.0433889961206,0.1851234658251161,25.293986841830964,38.317966626252435,18.261679743254902,0,
198.73584749319352,0.14291568149037162,21.94901942187477,37.864816241363165,18.60966615912381,0,
172.87789834043562,0.0,29.951094028108898,40.02882824150548,14.441816414929166,0,
184.9447520485463,0.0897592578521707,22.796488919148203,37.85897773347769,22.5852754826101,0,
207.23043741776982,0.05515050560156842,21.85958462447984,34.15017046058339,23.5747808425477,0,
213.1921533066923,0.0200172977638714,18.698499419890055,43.11947845009111,17.895967550708477,0,
178.2715516318465,0.10437128205615179,24.90925219653539,43.01148866859552,21.044609047834456,0,
213.83964723923492,0.30599645435053047,24.3830148366199,43.37269724009067,19.203378576112293,0,
182.30316646085274,0.19644510658365166,22.073400699448555,33.83706201494367,20.98482188624309,0,
159.06504440431345,0.30324510098569396,18.050068230661985,41.1956726103366,18.11726827636691,0,
165.13999119503163,0.23287860615207004,22.64964927083037,42.70391542322769,17.349724531737092,0,
142.98658718587458,0.26260470605721276,21.65100607118931,35.87519172624166,23.156224658071228,0,
157.7966536566587,0.127928240375634,15.332628406328995,40.03669299272852,19.80838824462652,0,
171.04958279813928,0.24191607633541368,14.640938243379072,39.534933418758534,26.06632685256043,0,
200.08962548446505,0.2582971387259477,24.825766894048847,47.36860263427305,20.13892989438242,0,
223.0192457791496,0.15386821662130457,8.990558424741556,47.697984148050296,17.221765878948524,0,
145.445462115574,0.2447632296492933,23.0270526348063,33.3425744266792,23.680822629307816,0,
189.82068670649798,0.24529502068598663,19.609584711230877,49.97570802291196,21.89240049243806,0,
153.98640152106165,0.1560357903095934,28.54123303439955,36.33909711538671,22.18061859108927,0,
191.86742721158004,0.1101785254183204,19.53265895423062,43.922693177309704,23.571802036603756,0,
176.72283373280683,0.10526973344813823,25.29742107125948,43.881991923454926,18.041611118462615,0,
134.22735435381173,0.20692044335371695,20.015430793811042,36.01723909263277,19.618240073044138,0,
203.2074247892121,0.2261607895031452,22.568740767430718,41.973071175356395,19.485650505536622,0,
164.87498217978174,0.13659793356336686,25.684182654600257,39.569865022935744,16.127760389253144,0,
166.65249404066114,0.20212682730608791,19.6872214183771,42.21732001852956,19.20922954952527,0,
153.25618971775776,0.24564296289107884,26.98277442249202,40.9226892095225,24.00913837363047,0,
163.64291808281112,0.2494552571732241,17.031510614467585,44.78535794148099,20.71201431138154,0,
190.69726101737294,0.32415040960979913,23.472964212791894,40.30159817258425,15.961816016465036,0,
175.26889147658986,0.3021584665758435,26.613198613939264,39.328503722294755,15.332481765005195,0,
188.21655005706202,0.11989668537947648,25.300187458951676,44.38425693222872,24.994328176244814,0,
189.04804634822108,0.3346868967630418,31.58222438367705,42.32158385943441,19.72904296923461,0,
213.0165413882042,0.15752187963554282,18.1828034134467,42.92725357728355,18.05776938289515,0,
171.4303462283905,0.2835898249963542,15.104253743257061,37.34165331096561,19.178024705308992,0,
143.0785545788567,0.20543893008408712,17.028324457524402,35.818948874406104,15.568076737048003,0,
206.68056041429958,0.1670280497234426,25.302212832742185,37.72911142698919,24.26928544853486,0,
171.71279569756862,0.05538425121800539,24.489614671346892,37.516714457277644,18.82084118724191,0,
207.86481111443442,0.18627483918269216,22.51128329823708,43.14479707461166,24.102204583215265,0,
189.58442782956178,0.0752493411755513,16.38521475446435,43.90393620117621,20.154955143341944,0,
176.7215617449164,0.2773839388674218,25.834336466645304,39.3794788418704,24.28859592370532,0,
188.71939735115737,0.32134341257113985,15.876476111747298,45.72367607529741,20.770083497129257,0,
228.7753140031575,0.13624712085626478,27.7947479118845,45.47387757506052,22.559697988607226,0,
231.92451322634383,0.2241576594015417,36.28719211569933,40.973595665602154,22.15727913826501,0,
181.73452837831948,0.141968678239362,23.832255732857753,36.71243291382784,21.86987319875591,0,
184.0047648329269,0.14972122158905685,24.915540678288714,46.30150659774216,21.04380343154813,0,
206.90600393665963,0.2619595763092297,19.535701155522204,39.75593059588637,19.301447851653244,0,
158.85847418081633,0.19691693905252702,12.948933394565918,40.5046607857239,25.74630407471858,0,
188.32675931545637,0.3391718433544809,18.98640318484889,38.64157989757373,17.279189044712297,0,
179.3534288011536,0.16142140170376634,16.535523794506254,36.44083869481121,20.01292292702948,0,
187.84770528643884,0.2799469065979592,14.764977117924921,34.12544227873883,20.044657625622786,0,
159.16577985126486,0.20779307303662256,30.611799709978246,42.53147329422915,21.207322260030566,0,
140.2608126672758,0.26366224077953865,23.364312590128865,36.86639578441352,18.711582062316495,0,
128.17541410021772,0.16422738741360426,23.89843790306992,52.23812491598729,20.944238916768764,0,
152.06539717525982,0.19603529299587338,20.454888174018752,35.65570566955009,19.4934722443911,0,
168.53311787651668,0.19076008965608524,21.135644587782817,34.97047010007452,15.254142447686302,0,
172.67021033378094,0.13311543081233704,26.822753411196665,42.04055486245377,20.02865685877054,0,
228.4307790607379,0.25296652276654025,21.838314406523924,46.117253915869185,16.698304000909545,0,
207.64983424768246,0.25201992044626914,24.653469690123664,40.258358627772886,14.796842712653298,0,
155.94772209145933,0.24748437559244535,21.01997851077492,42.2889696807491,20.410619962068154,0,
188.6927113112739,0.3229572523134116,20.289235546339764,32.62581033016516,21.463650026058698,0,
169.82304409124188,0.3159475840989043,14.96542917199069,37.289953817232934,21.58009412631373,0,
172.8909040489976,0.17000442481206918,12.11125468816436,35.705537083449734,21.701512121059082,0,
184.63314123538456,0.22984418547473429,20.69219049466799,32.41981660020848,14.202232937178168,0,
195.47927792438483,0.15011194485934298,22.282483459966162,40.467920936095545,15.91694921627759,0,
171.51853790289962,0.20186842528916446,15.569349816456047,31.028689513558266,25.920564310441012,0,
206.59628831835897,0.15202004407049083,21.827625674826837,34.711216135650204,16.858373719768892,0,
151.4515443464399,0.32960562473088406,22.26876281495251,37.851224823946325,21.832523093410067,0,
180.1584765590567,0.22909585202743704,11.219959969703105,36.67485665619569,17.939187135002463,0,
244.9418431648958,0.18255766975164625,17.424376702602494,41.58563400882827,20.239018217802695,0,
185.57699356563188,0.2954894857485102,24.03631946867734,41.22232076760992,18.100237393179217,0,
215.83036266515433,0.026350767216367088,23.93529364697872,43.575194983741824,21.684623463858934,0,
182.2880044543302,0.03887179241077682,16.231625418001197,43.00953493085071,20.410322351950096,0,
194.51942738324493,0.2636670924175819,22.792240252498676,44.56325115744552,18.655130679067298,0,
178.58042014018272,0.20483747584938947,27.11203612680236,39.99232639996379,16.84948364095787,0,
175.7398104708949,0.22003570402086087,25.88536479495449,41.21386760326668,20.80332259247753,0,
160.5129400818645,0.09388831173451612,21.523571064930326,42.04605480767677,16.36184360287223,0,
190.75753397393882,0.1981413031319707,19.66011843337854,40.566626789564104,21.282443126362516,0,
158.7115702703558,0.36028075283210736,18.85327757832748,38.411222760331704,27.879454727110698,0,
196.63963090783574,0.26593596958366905,24.339098914548284,38.670229862640916,24.050510153786036,0,
207.13217511114775,0.21357652361142498,22.97551986571444,36.72976640668014,22.155043660682487,0,
189.16328518093076,0.164875687191605,25.147020030511,41.68646731963932,19.743178106776558,0,
172.8437816611077,0.1684341718504485,22.65936906560576,39.62393930365938,14.183742118989425,0,
191.3491394827174,0.029664168863998586,26.093819751737207,37.34730499745294,16.033140812299447,0,
172.2831736113397,0.22061123367369287,22.4729626647885,37.35102072270163,23.848378568308142,0,
203.38867813662873,0.2676386486785483,25.923443580658432,35.15840508886885,17.63073175962566,0,
134.21484789462193,0.07395045382635079,26.354113851833194,43.9153653649488,17.90224370550786,0,
171.60981579703383,0.14708664861545473,17.97736684887593,40.31447067812715,19.503048572947936,0,
130.22970012190007,0.10740282942132624,12.95927976564627,36.548799921706916,16.813861223460336,0,
142.62347924431987,0.12277190441529892,29.717464280072768,43.234190998408074,16.319693796345092,0,
214.09655574534773,0.20427853014575204,23.28329365356131,37.75820476082251,19.848577781655734,0,
202.37962454929215,0.03324782760092207,13.427570522519392,34.37399749195107,17.32541163598389,0,
162.01299416788024,0.24914163506856513,18.430902513906446,44.08488915687653,17.776944260663313,0,
142.43741359897757,0.2603084055946946,25.859371461849143,37.85161204173555,17.65642692155898,0,
105.88677905395872,0.179911792957047,20.601615844335534,38.36440363916484,21.567080641503406,0,
166.41261230168413,0.0015433192012366814,19.439692903404364,40.16472008139671,19.303622928513928,0,
240.51037530618507,0.12028650991980884,29.004409301564834,44.57035689116046,19.46428409631844,0,
190.8721067865912,0.29863215472821575,16.76356426808095,40.080149163465244,21.79083769192665,0,
166.01069284876277,0.0,18.00923321122583,35.20353149541908,19.573881175301178,0,
191.62700523750766,0.17219812702451848,23.056932375241338,42.175508016448724,19.16523869462848,0,
140.97604117513893,0.10559993772261929,23.95227466026941,38.06004110295311,21.411351066710512,0,
172.5669159325591,0.26436562412678694,24.48171517170366,47.55169588611786,22.004593530672892,0,
182.48693682539346,0.1459908838285231,26.556190222844734,39.99552111200844,19.558779501474188,0,
177.84748370447377,0.23231632165884894,22.992893103407585,31.059858008405335,20.241823326861564,0,
199.77015304225202,0.24523683353352746,24.446919694692046,41.429459888622695,17.654629310800015,0,
188.61613065590132,0.3468980671784016,20.703953703424585,47.778391169040916,17.417950870506424,0,
196.70815045269993,0.18376464450597038,22.31349151618357,46.30368115418156,22.307442505900422,0,
162.790692944231,0.23008354956980892,22.53767090026817,47.32381715502626,21.334826187633865,0,
202.4453852102637,0.08119556166980513,23.075490679095182,35.92095925847415,21.365895315249727,0,
220.7234236905998,0.29523308506349955,25.862699037913803,43.64860958390712,20.842563046176565,0,
155.7462620087147,0.13915929215429085,24.775728409724156,37.112021841053156,20.13860982744486,0,
157.80760860713602,0.15513966687298036,22.221085014500915,40.8971575976677,22.08923567246831,0,
213.3946084080058,0.19822017641206316,17.9543700752948,34.90819028504107,22.80532628306835,0,
175.2164003326235,0.07496925237281205,22.33835629031355,37.422176940469136,22.733684015571942,0,
215.09553480166392,0.21830160231431506,21.859911075521282,37.29501321054554,19.69766625216204,0,
168.9366072026954,0.27739730183400085,22.965907899065993,43.59422112057047,24.160978189726514,0,
216.37613940676778,0.22343470587978334,33.03262653570201,43.20287648667862,20.685382045196963,0,
183.2871454201363,0.072888194865702,19.381136107293823,41.107278917323285,21.897128577697394,0,
186.45572058306738,0.19009525645362724,24.1114450956268,34.59831432777846,20.84626367250464,0,
219.1179505417476,0.25936231223835926,27.34231033622149,38.75344226420112,20.74102012245252,0,
170.95573806389572,0.049760898722727376,22.490009570496916,37.015534068229094,17.79274402924904,0,
156.47194760187605,0.11401871889458289,33.689225595860826,43.478703026777964,22.10405251503448,0,
168.78589479929113,0.2701234883265216,20.109803541342615,44.712739411268736,28.535883184722916,0,
191.30834876607847,0.22160763473578293,23.620446111600234,44.22554234412353,18.87561477562975,0,
140.85602319548713,0.23295772657014033,18.00597127553509,36.97912232233192,20.212984146274845,0,
195.93677256627802,0.34875958460986495,20.242376324283534,29.04186751084208,18.661384206958214,0,
166.53071705955642,0.2374842222804962,23.24466955198329,32.932152407479784,18.535940295314198,0,
208.6953165183391,0.2526310408346544,26.23152031153865,45.686507912328835,24.63334843435602,0,
120.1434923774882,0.41685964217746607,23.59547417011787,38.394980242720706,17.981086946817605,0,
160.3358556223958,0.18289563535276077,28.29557424667368,36.99710152693955,18.577758579900916,0,
137.83829621914745,0.1361693789105204,21.525173447036643,46.57064117374494,15.237521528806095,0,
159.3442633409012,0.23422371185977064,20.339157350804975,45.060639781953306,17.727164826373258,0,
186.19164752772357,0.2351192823511116,35.51992553639693,40.09779488767915,14.874800321139958,0,
175.51933436375612,0.15786276864430335,23.971188247210154,38.826387635744105,21.895414097635786,0,
173.66556077629963,0.11740823843561221,18.402592270107263,39.4715951487475,28.39909166551193,0,
176.02037821549848,0.38478755376720625,18.528681188759656,40.908651193549865,18.899963619048435,0,
185.0847060154986,0.22614747763104184,17.2866004273433,46.40018912527843,14.999726201029288,0,
154.78659895142232,0.14141716948783395,26.68284677928394,41.689869696948904,22.6999989932892,0,
197.67124102247627,0.2732744241823679,20.17811353553379,42.90411613215657,17.81922512320953,0,
196.5666492596371,0.19126838787509326,22.63681237828243,44.67708043628068,23.89804079166062,0,
189.62594844140253,0.1797694842945735,21.682456627808655,35.321295995902325,19.153912856630164,0,
193.91333606878158,0.24498182975315946,25.657462039704672,43.01944756989617,18.10455293275166,0,
187.4104500202165,0.09664941854146482,17.766279535579898,38.821724981353555,19.46612733276294,0,
230.87683256827668,0.2282101763133738,16.62213856928492,29.935619216908936,22.273330282808562,0,
177.82264572368726,0.3530363846185402,23.12148653590797,31.48732183205675,19.31773810773303,0,
172.32291954163557,0.23729421297578487,25.004796423499485,35.927529553925254,18.509825891618885,0,
161.16181049106555,0.16990303169732285,23.662661565488204,42.12489291437033,19.403505191063385,0,
154.19343323555407,0.15943157756574067,17.95273135451336,40.45519826136118,16.184434446497345,0,
148.8882053099731,0.16717280213239127,25.38742421045697,40.73746682870266,21.191094806881942,0,
157.78006716922704,0.17968298575617753,18.28069536452183,47.80377393074677,14.63982021846527,0,
178.23299045869823,0.16977547737933826,19.392306776068082,34.92364154056075,18.667635636903455,0,
188.35737821244285,0.27330491528596534,17.28023237638999,39.8902665832651,22.27815562649223,0,
181.27855146380404,0.06134327174328136,28.505791743260154,41.21774209125526,20.90914484879815,0,
160.8616180642572,0.2689600040329707,25.167107705136747,37.05490753384666,21.77096171895917,0,
202.50461410049908,0.1696250779885951,25.024966878394366,40.113306980331764,19.804862981843574,0,
198.4853168075237,0.2301558228556298,28.236057105712252,33.60020266366262,23.50923854295655,0,
176.00879231444958,0.10984096718393091,36.06324624119362,45.63962486910011,22.774097590309374,0,
163.6770963833822,0.3062904853479549,13.453869480449223,37.273541789878266,21.338423012743025,0,
193.71069802074499,0.29965079681374984,18.30811709561446,48.12560065911401,22.782637331940627,0,
184.69933968715262,0.2767672420600059,18.91912457912738,39.87010270433018,22.25127066321073,0,
143.7968185146238,0.07881961793651686,17.745901888086536,44.11221426159673,18.68160945995933,0,
178.30049360038987,0.26632968568528426,16.612083761981438,39.78678852403538,15.968303264926,0,
186.55089530185953,0.23238840701085672,20.50173467972317,39.87702467095788,21.26108637752787,0,
157.50763033780615,0.0715783002293946,15.916981423552976,37.66388266711197,21.638267692494285,0,
184.74608482093606,0.19805620929833478,23.675211837687065,40.47649571746511,23.271415973415696,0,
143.62943786855527,0.22916275912266101,22.258491607143075,41.27199477765619,17.19103617486412,0,
213.40465250030428,0.24448602190585209,24.405143323818276,36.86296596433928,17.28070682216851,0,
211.1987496264858,0.21418090935590847,24.538642258191263,39.49982233656046,21.37970079892331,0,
173.6870666424259,0.22329851334779038,25.015034267133384,37.55960453577155,19.78649903344074,0,
189.08635844597683,0.31788891138024766,20.132955315880587,49.19865627845935,14.342715168286617,0,
119.75195085500312,0.2980827127928544,32.60571701316834,39.64107692035353,21.12532449126257,0,
151.09130849336668,0.0,23.17215558241049,46.18092860678624,14.442731255033136,0,
172.65552699619676,0.17460491561298544,12.687576236876025,39.217510676769244,17.16423034437987,0,
153.1966744643285,0.18682791779648392,16.988121271168914,41.03715056613963,24.05504411858032,0,
197.85991206576648,0.05983211418184231,13.297485054860921,34.71454371341892,25.474637053421347,0,
229.93241326869986,0.20753464465858498,22.086673145756535,38.21170963252854,16.353030894584116,0,
150.58463201426744,0.29990062179284055,21.39097387973333,40.84213868315699,19.011825387761917,0,
159.0634148978702,0.11307457123275279,19.657871510502712,46.344015323839464,20.127867569236116,0,
185.88620920774827,0.2269120750951898,32.05463056200257,40.88793111070508,25.343680782744705,0,
220.2779037124905,0.126734121816285,24.744914370384553,45.534881444772,18.521393156526795,0,
149.44064218650243,0.14624703810562587,25.63049180723167,42.562916440811684,18.569347930900165,0,
186.22590305767355,0.3181914907336028,17.344632560289483,46.509605357858746,24.646176675388585,0,
225.53247127032773,0.156595374391054,17.00427554334494,39.76383113077978,18.875632541845228,0,
138.70602129551833,0.23697699912085,22.184027495484774,49.560890842607215,22.166605126899373,0,
147.9732698288542,0.05030255071512105,22.865035698261128,38.05841518834351,15.568571104662718,0,
169.40983483847904,0.3489854049115904,12.718442164427715,36.934152663209325,19.48630176772302,0,
166.98528967861472,0.2482121957045199,21.09846488575233,35.15978860124386,15.021209485020787,0,
200.31503219384112,0.18540001258797909,22.070360414367524,49.32409868623228,16.833698657132885,0,
186.04149299552094,0.2460437207999916,20.924254171144355,43.27779029047159,22.51760406545679,0,
135.6259485089468,0.08721444568417519,17.93304793826662,38.66351706647877,19.85028382673986,0,
192.88526007252028,0.29460245934021256,19.3023240903943,44.99609078749398,19.042682778341074,0,
165.56152781610874,0.17408121796028558,21.11570403213602,42.75076874047113,17.753751128057246,0,
211.86118042353098,0.18367443879612524,22.45400011805024,47.86450988550236,19.33803178027615,0,
164.310311589077,0.16066755080276124,25.02395791275284,33.80866866904036,20.90333950130208,0,
164.0846179224441,0.15354788778035322,27.404281024754354,38.93855956674298,22.948748619385285,0,
193.52829027011327,0.2555736489302727,20.528261382363752,38.1499144642287,12.124559947709592,0,
199.0731620584234,0.22047254800833785,19.71921901942321,32.10526929436559,17.50471647721157,0,
191.20248409840508,0.2521398513122432,24.18827836767153,44.24130881911878,20.477288726567018,0,
137.86006706537978,0.19929642484115428,25.05422458205427,38.918413776786565,19.703410652113142,0,
193.45086099820628,0.2410559848861745,19.82899783370557,42.95852481994625,21.210128727580177,0,
154.14229870814003,0.16649210048599694,25.951967384830862,49.439087737318445,20.80262085837966,0,
185.8819027897066,0.3783785473127639,26.897926705779867,38.58702523268957,19.08539641101978,0,
144.4066391150235,0.07456556668556014,28.458432328293366,38.31538806937138,18.41944041203847,0,
191.1580536885766,0.30087498588503875,30.891604533599114,40.47465667889598,19.2634955307935,0,
159.83502739231568,0.3094325960576777,17.667919306702807,43.94898941193364,23.446227049468227,0,
147.93413374348697,0.13182729552275252,22.069491046662556,37.7331478987594,17.803976201282858,0,
197.84550341206,0.3783418888444779,22.0563884830933,37.476153611471474,19.811579830568135,0,
186.04111304191878,0.27963922263562546,21.509632157337464,44.228757080965465,20.550026641995263,0,
164.65057996517757,0.27769112054583295,18.75368540194932,41.51455729535214,24.681052789623372,0,
216.2794712255266,0.20224177496207016,14.572189983844643,31.821086947980717,19.09907522529106,0,
168.98368946075644,0.18262190734250588,22.46339723014502,35.09843280212357,22.876419968032884,0,
180.80269184927337,0.18324729383683136,18.158221702260438,46.00494345530884,23.695938209795067,0,
186.72283619196503,0.23124244770556138,22.429967403738125,41.60771313231525,19.808737205028056,0,
164.50835164678466,0.3120949020027117,18.029782291505732,36.951216275851,19.367843062769712,0,
191.77840733499824,0.21450513742891358,16.501708270778295,39.31836137106007,19.012838983855353,0,
166.6636913208819,0.12708451014901678,23.17149180188449,40.05294669120668,19.232530597272252,0,
169.70904194459476,0.2659541649907984,22.754607634032478,42.94293344112066,22.562719581730498,0,
214.06606599508353,0.2736920597115834,24.896409856604663,34.56694642056484,20.693029931766542,0,
153.98534868718917,0.2523727622758229,32.92931883208813,36.636203445318166,20.705869127509608,0,
119.68049172676274,0.25963991252199864,23.386447656054234,41.09182301945356,16.624329468860495,0,
220.27342487529737,0.17832574958737535,24.42540883532065,39.6006616780182,17.097529767874295,0,
243.73319881517506,0.12568086662955363,16.612193355663372,42.28743673054684,26.43034047433094,0,
169.8682683637667,0.13054452554873763,15.565462797318126,35.08197041056161,19.466522824133932,0,
131.57904898449536,0.06916294012337137,29.914147233866668,41.428514705085284,17.67568401326492,0,
172.2379005951014,0.21895588892367598,17.38260110033348,44.36633447750989,24.29329749676789,0,
172.84442625398327,0.19332409734187253,16.78027964265679,41.947274188597135,20.845425646050657,0,
175.25190397444356,0.1648009836376233,21.804505393917236,40.55644695904637,21.734464750593563,0,
152.1652989519538,0.0,21.54903793311306,39.616465589736116,19.585858774155398,0,
194.48902856191194,0.1002146024244665,17.487467467783542,36.66059538891399,19.043980728269588,0,
193.11268438215217,0.28966725211225336,20.4751339064345,39.712005630240846,19.49124088250813,0,
142.63985950451735,0.14682991999494954,28.146878588250523,45.038823411521626,15.85178548910412,0,
197.4799182923722,0.22884733421254733,17.970031955841012,39.5238859735995,19.736217771740307,0,
231.31712454864726,0.08874516560197951,15.031637578169143,36.44078404260636,20.888099231127853,0,
184.2990083109265,0.3150964385887385,26.712968104498962,38.03101164493845,25.551389701531264,0,
171.56687094828735,0.1884777871956259,24.461484559690184,40.803401189103724,20.257997195015648,0,
176.44991963981198,0.22320323171868284,18.897406896756692,38.50594401127661,12.997468873369085,0,
195.38141917421405,0.3860623833505348,14.08916491936541,41.941213132252564,19.718043701646135,0,
136.73320986231954,0.3213152080471523,18.276883217807185,42.09137504299612,28.21851239932492,0,
184.10976757443257,0.17547475029703538,21.726477815753643,43.55593272161859,22.599098704955118,0,
170.23840126342975,0.15254238521037128,27.828360449419094,45.69423788906013,17.567333168574233,0,
226.19562532390114,0.17395639907843746,16.817090125651717,43.983434897489445,21.77331954329167,0,
175.64568165487606,0.24079185987812285,21.577400592442633,36.26304374340816,17.77395972533078,0,
221.697190277988,0.19158206925993032,25.37572329947449,36.385862213694914,15.938577441359428,0,
152.40648255544983,0.16838046839972226,10.093663299390396,39.696914094160704,18.954891910297782,0,
194.6814791700698,0.3173745000567234,27.168930839694497,38.19529857104234,20.274579317716583,0,
187.9850065947807,0.19086320865777306,16.087747138967813,35.44669309215623,14.383533492699812,0,
158.27381880338044,0.38396712744298556,23.659977467284673,38.23323282330802,16.55252212838409,0,
184.4349028659235,0.20725940510017385,23.23341574805372,38.101948265523845,20.031006689547063,0,
210.31297092079,0.3428254715379782,27.422931957319225,37.312609040955174,18.775480472033138,0,
171.905207392835,0.22858555381685014,24.7546219044677,38.73684205537998,21.18443381343827,0,
137.7009337707559,0.27703684585995586,10.113547541350094,44.713803401273324,16.355995018074317,0,
179.56092933806386,0.14203111587858205,18.076103764220044,40.79695216499696,22.142341245659903,0,
157.43942263018718,0.13169926219300707,22.691025646766402,49.88723630422188,16.448722708819414,0,
171.44147653340295,0.236776476401199,21.025100569401065,40.6820327440786,24.92820290581289,0,
177.96030575787196,0.27908425939722525,24.388053648783853,38.83973690425099,14.852725146865051,0,
137.35869459961208,0.20322052016003703,25.946832778348526,40.01653153061947,16.722337188849764,0,
139.60854151698305,0.09708853319330424,25.042258682148397,41.02596791377416,21.25211240909549,0,
192.05167088813812,0.09117933069685384,20.928625287227675,41.741015828684255,24.992699754492914,0,
166.932032595758,0.08582908782510072,12.768314944397599,48.30684530343609,20.945129108348514,0,
115.88139145448582,0.05859023096484953,19.722593755725914,36.618718140089726,21.688573760547172,0,
199.62110091520339,0.208758828755767,24.081840740694776,43.43618423271094,20.052610705019177,0,
186.809243881856,0.290003513736642,16.547763737247614,40.8310023904565,16.92080463765442,0,
162.1531293990879,0.19892673704601532,25.156373650607883,33.71560902971753,18.529584955281862,0,
147.07924472354398,0.019166819412971825,26.541966486336523,43.082795128379054,16.36427084005617,0,
200.89519740785843,0.1847391631732361,22.634334881479212,45.07049424321562,16.163870096669385,0,
188.73376556401075,0.18697608026939144,6.68110066843802,36.57129438489028,21.205246757959237,0,
239.56505706710183,0.3676799000180352,15.609558186440983,39.96426452843212,16.630466053736114,0,
190.50471496812344,0.08342896696643551,31.430945792780406,33.098582951969185,20.958662020170085,0,
189.69257853155037,0.16874579179206434,19.26731103485811,34.96477416126265,16.094531743336706,0,
175.82680174728588,0.3364682144435651,12.07928388435502,44.19211831046901,20.889149060350263,0,
200.41939668001976,0.23599826730772386,28.176236941551362,38.134333975970264,18.533952293111113,0,
195.62713003120385,0.245065045881314,22.066777957718365,35.564788100247846,24.219846600951932,0,
211.29312521412987,0.20916675496191026,27.524702444788627,40.91784145783372,20.971156686737196,0,
166.96692703406788,0.22639548309258117,23.384793376096827,37.910350274275906,23.707348678982424,0,
169.11481317640093,0.26220876242228286,24.292795681060845,38.116713368897855,17.733059850724423,0,
168.02242072720048,0.13524109448857868,23.815046238572585,42.95730410269961,20.1684300207325,0,
199.77004302947472,0.27024468631265597,25.487441559605,35.35306656426261,17.056738525651166,0,
217.4593610074183,0.09015975864915687,33.38715224278049,36.37853914927267,18.759184271766745,0,
168.5289876712675,0.22626943782652306,26.855031679795943,40.61631996859548,19.213687331766113,0,
169.38065680517272,0.2142992770629062,14.098303410772324,43.87763916299282,17.822425337938583,0,
187.85193059674498,0.15069655294463138,24.233307576394516,44.952641205959395,16.353491423462913,0,
173.85596249967747,0.19818517797394827,27.70740384051609,37.33975311855351,15.75944802904204,0,
203.80134132849724,0.15019678778675577,28.01350403268073,43.74950786767859,12.980755652877809,0,
123.70556773452384,0.11426389385106046,19.866975084704503,36.86343082611837,16.830960609489626,0,
159.33237382707765,0.17171082067090845,27.82472222594064,47.3048373876272,21.882481690015535,0,
160.43959165096385,0.11168090917026709,26.638711997756026,35.46491589832109,15.20450440396015,0,
121.99109969034637,0.22582379712745987,34.86258718484865,45.313915243166925,15.895631461240086,0,
155.9090388907799,0.10799316046781093,18.24999131875744,37.374055572725105,25.372695713698747,0,
157.12109710385184,0.2569581618392841,19.462997117997872,48.0529858191784,18.090511850455236,0,
174.97238363702925,0.1054816745656944,20.469404757700232,42.365282915409935,20.96313802749451,0,
207.8241472915066,0.1546964067535195,19.548889249806123,35.93593388236711,21.926951439501483,0,
173.87348372023243,0.1500317273427857,17.549896251181984,37.91104608182997,21.98757838934384,0,
154.22965699322117,0.3060117383099871,8.186622471631285,43.12472482089497,15.43305730817582,0,
178.57613646966178,0.22642319564932736,19.82650263138433,44.21057767046224,19.30682096030153,0,
206.22934053603373,0.18306129579644848,23.84679029849952,39.71713763310215,15.145318191444824,0,
155.60102959712736,0.23989755528557788,19.533890772470446,40.178633123853864,27.338953576730972,0,
157.2356279019638,0.03142461221362497,31.67690591764555,43.03341213057626,15.2153742079532,0,
193.9637239818556,0.19654931282872742,22.066879063579314,40.52719370804328,16.85647934339054,0,
174.46159710672998,0.35980113422438104,28.455145275920678,34.8259805626465,16.878197435475485,0,
196.18711726773685,0.2105877205122138,23.307102063649843,36.74810390143928,15.51001856983136,0,
179.65883020511757,0.20543305353354685,26.13203654946629,40.94047977260666,24.057781729269635,0,
197.54159120223918,0.2438502703713757,23.39620776966781,44.86192966599077,27.26734370325049,0,
154.12304714898397,0.2716484194651477,28.843923159517814,46.463929696648194,18.57275264206215,0,
179.6978837302933,0.04020266456881125,22.279696750662005,43.1181176830858,16.03873055946677,0,
174.73274964092107,0.06541388145671787,24.48060354044393,41.14916304414545,13.289223503821937,0,
149.60272689739674,0.21682330328689173,23.83166466825022,42.99525554392991,19.267673844433695,0,
140.9130513032828,0.14280987504819923,20.558572709363407,37.332996599172574,19.050903730515667,0,
197.14372588186654,0.3049620209775932,24.024911594623383,39.38707615896714,18.046111620919568,0,
171.22619044455055,0.1747860488091821,33.171931230988406,36.70347711464209,20.664125761928684,0,
154.44299295881677,0.04523754114295059,20.64801528952279,35.00502955716915,21.185519428446458,0,
177.59552657691668,0.09855888665248025,24.09732446426624,41.33419604654482,20.9692497738137,0,
208.20047143373256,0.0,28.288894754347215,40.742053226338975,19.05162538409454,0,
122.98155386570193,0.181269957017367,27.7012664047214,42.75060993803605,16.695134511277214,0,
142.58403275241685,0.18492926981884933,22.058582088596825,42.18444732356979,21.997499293420148,0,
156.92783895261832,0.1660429832174482,10.083056485213191,40.970577085295446,20.03754127826459,0,
216.52947166800823,0.28631032312237914,24.583514093242332,42.226466662710216,22.665072574503952,0,
187.06467457298243,0.2958815869213355,10.902628706884737,39.829267615090096,22.370226648416693,0,
199.18293101153068,0.18636892613151113,29.349686154706156,41.6515655808896,15.734713792858653,0,
151.49597702184423,0.029224506601851524,22.847369355966304,37.09542238925456,15.69733337762719,0,
152.01160311823685,0.2493825264393807,26.998370099359946,41.47882370255652,17.733377843778413,0,
191.19534291806775,0.24442881828068605,17.489444309094743,42.673670741144036,16.831203775127996,0,
181.45685827338616,0.22475132561255562,14.237462633499728,37.32127428771119,22.265755327928304,0,
193.71847047160315,0.2785183799446493,23.303771920705834,40.20732839597139,21.053929027963754,0,
175.3082252267887,0.1068137522831168,21.83198280021929,37.50558996148256,23.29755198135593,0,
186.9535931613657,0.36070043089481113,19.542295869214172,37.89397321393554,21.189460452232755,0,
183.95297712262774,0.12324577974865057,22.42330640366382,35.500282579591385,20.625948745620107,0,
199.44418472712314,0.25993783417606836,35.8371794601613,45.06309970066622,23.599189341032513,0,
200.17520704861175,0.06501218444693188,26.17262773684529,44.262740698880194,21.409182019205147,0,
139.50320014020576,0.12557882501839596,27.247493029316594,42.14973541690935,20.204302890313155,0,
123.81828611647862,0.3213094917380269,26.21968445776678,47.888783807775255,24.441359101792056,0,
205.04363494128768,0.17912801415993201,29.397310719260965,39.24301721372643,20.34554264945837,0,
209.69312733154842,0.26719380841062385,21.049641635496275,52.12704966044254,19.086978185246235,0,
154.48442451216656,0.2189564310975397,11.72619346162353,39.08988233854712,17.486530223667053,0,
133.5041148363593,0.1916033475199862,21.057069334969952,41.020773407024066,22.109076377136233,0,
182.47587052518003,0.3091080259946152,26.05867854998251,38.408888344239166,23.711151625527407,0,
203.27095565876323,0.181067294027848,17.15099802442463,41.48930224024122,19.84823779569971,0,
224.93986306085787,0.05754095139492238,21.118170247553348,43.342459711544976,23.923746871339517,0,
192.90743930253626,0.1357407926438636,18.541151284988434,39.54433442778767,14.089954904085271,0,
170.70708258535763,0.24409533829613556,29.510146259215652,47.10687938847048,19.833639875576257,0,
157.67173446037845,0.23164072850900067,25.747285077032817,40.956597138533844,19.87971526368669,0,
180.28628229176636,0.07463533998116495,25.257703103219797,41.081941544440795,17.81901688277796,0,
172.51838240286858,0.14205259844734391,25.108006565604857,36.36400922194513,27.15158311394562,0,
154.6233023567796,0.15346229206382028,21.813753737239367,41.67399629820154,19.801422101933717,0,
231.21889127158215,0.170762432470862,22.987781412637517,39.46389111676254,18.7768076851867,0,
224.62921005180328,0.08992691291187589,16.07407709733841,37.56704108265085,20.077886340300516,0,
208.40121708888572,0.14973031135044174,11.067790106247163,36.894102367406546,13.991558784422512,0,
156.9787400547718,0.14171116117923782,22.75040565172512,50.68705351902674,17.720396223965256,0,
201.37548310743196,0.2617226607809536,23.619951281360724,38.94609099928386,22.949719908336213,0,
195.99066023744754,0.26472970487921954,28.046322842126887,34.17205831687493,18.113163935201676,0,
191.0636406051013,0.18833516335289474,29.856679080411837,37.20711416106971,17.513374511599185,0,
211.2416316760944,0.1686368163303415,29.849992424994735,39.79372864209515,23.928576909543203,0,
195.88427857153192,0.21119394496312907,17.009882033530612,42.18666813046594,24.020763202855488,0,
198.5003559076084,0.13467399140355402,20.238674825251152,42.21918608690125,21.550971416483424,0,
195.92265708430526,0.10825343342660473,24.401671479406897,42.7064582071061,18.634647997884,0,
188.51978520005264,0.12478230328594266,34.65952338871089,37.42055877345068,19.28158680465103,0,
135.4097217571454,0.14921494688228348,29.40049601856958,41.36176177400618,17.58755011527512,0,
182.09052693526394,0.10692209601661833,27.5969858099919,36.495762143557684,17.015680642914067,0,
166.09520102877187,0.21296476472502998,20.06106022225355,37.52142806794395,16.866750535074704,0,
148.00397605899948,0.25837725390269667,17.584001844224378,36.32916410199896,18.145836779644377,0,
222.04541548252058,0.07303213593614066,25.944539416916196,35.24644458160692,16.895837027945767,0,
223.2248835221426,0.20201029689728267,16.4966936788282,44.25683795543203,15.308884644370554,0,
213.9805150073903,0.18240513637869316,20.80781824509849,42.75444680391555,20.658208009261717,0,
186.38033542139686,0.22732069484294426,21.426110254990387,43.90666147991252,20.70378674268031,0,
213.76562802381642,0.19896489855171295,29.96456044561404,40.15725226409719,25.10237827528495,0,
180.30132951504564,0.08371205760546954,20.22651348520161,43.10723079546059,17.994984894935893,0,
185.06993192244448,0.09900885609142678,9.803751807136923,32.95484238142982,20.888301768869812,0,
152.66321573845042,0.20235388604679783,24.522223238312343,43.45235007218142,20.938137737824405,0,
189.924782612471,0.2823024735796408,18.50489073448037,40.70847932002012,19.238487316623402,0,
181.50964821061044,0.02286501031655977,22.213155122188734,42.50843840059666,22.233000766249027,0,
147.4336970791384,0.2276581263841264,21.56647649578938,41.52009319619445,22.325687560552144,0,
178.72007220458508,0.29516976042301146,20.63148002091116,36.051779381852455,20.98223328559262,0,
178.0067609035798,0.18775792990350296,25.95170290892352,34.007840898435816,19.233080884856612,0,
224.939029166116,0.24401619968211527,14.335675608236464,37.15178333526815,18.927409674336396,0,
202.35533321283523,0.14375447352817583,19.4149288752282,42.25966912509165,15.896738303608823,0,
180.28613597728665,0.19045070405784986,25.420189565586906,42.76036566070158,17.582246664146925,0,
186.2196827450271,0.0703269185353479,18.92957612327816,34.52823089047255,18.133977428294937,0,
181.10530945260496,0.0124525353264901,13.955966453650142,36.07560253012714,16.628084712711697,0,
174.9271503801113,0.27542126409802203,25.34277671628368,37.107057256236644,21.319771900062992,0,
152.93932006529283,0.12120040578204466,27.615473152207695,38.57077975893274,23.58988360696103,0,
176.22370305982676,0.16355777239972558,21.775023961784967,34.55179667658939,17.275812703012548,0,
161.34754358368716,0.08908461973838455,12.195772007652337,34.31179293543947,20.85032430723391,0,
148.74211152692135,0.08720242375328995,25.52984873349408,36.71265881436978,16.89766658141087,0,
192.78054536368836,0.1860929839924307,13.70056059290156,40.34501534490002,19.085233487182514,0,
189.78161649833086,0.1416338244691483,23.543996384240828,35.27762264098604,17.929011262466673,0,
135.33231221579805,0.23023767983957588,17.5626808762892,39.53678596011294,21.805686945819325,0,
176.9328840626218,0.23620307351836736,16.200803571165174,44.234211264567264,17.963635478473464,0,
204.89253464749808,0.22566797170596858,19.79044991460155,34.79288105034596,23.03498124111994,0,
206.48059347240803,0.21908806327427552,21.0835122178637,39.17421696635784,19.2628376790134,0,
205.64592107213096,0.3262214563945509,18.778958748067758,44.09902693500309,18.05118887121551,0,
180.9728301725365,0.11459249847640914,24.943516391075754,38.32692643854476,16.24008421296451,0,
